{
	"js": {
		"name": "JavaScript Markdown Parsers",
		"results": [
			{
				"name": "markdown-rs",
				"ops": 956,
				"margin": 9.94,
				"options": {
					"delay": 0.005,
					"initCount": 1,
					"minTime": 0.05,
					"maxTime": 5,
					"minSamples": 5
				},
				"samples": 56,
				"promise": false,
				"details": {
					"min": 0.0007261456790123457,
					"max": 0.0037459740740740746,
					"mean": 0.0010462871188610774,
					"median": 0.000986112716049383,
					"standardDeviation": 0.0003969734469608987,
					"marginOfError": 0.0001039737041122052,
					"relativeMarginOfError": 9.937396937982422,
					"standardErrorOfMean": 0.00005304780822051286,
					"sampleVariance": 1.5758791759201744e-7,
					"sampleResults": [
						0.0007261456790123457, 0.0007893469135802468, 0.0007913320987654321,
						0.0007929827160493827, 0.0008159358024691359, 0.0008220530864197531,
						0.0008225086419753085, 0.0008440827160493828, 0.0008495061728395061,
						0.0008624518518518519, 0.0008709493827160494, 0.0008833123456790122,
						0.0008886907692307693, 0.0008969276923076923, 0.0008982679012345679,
						0.0008996492307692307, 0.0009050123456790123, 0.0009099283950617284,
						0.000913941975308642, 0.0009170148148148149, 0.0009172074074074074,
						0.0009202296296296296, 0.000955362962962963, 0.0009555086419753086,
						0.0009596802469135803, 0.0009679049382716051, 0.0009799469135802468,
						0.0009852654320987655, 0.00098696, 0.0009938, 0.000998772839506173,
						0.0010063382716049383, 0.0010135111111111111, 0.0010273456790123457,
						0.0010339493827160493, 0.0010353138461538462, 0.0010388046153846154,
						0.0010466950617283952, 0.0010490506172839507, 0.0010493024691358025,
						0.001052253086419753, 0.0010814790123456792, 0.0011009061728395062,
						0.0011018148148148148, 0.0011038942307692308, 0.0011086358024691358,
						0.0011146913580246914, 0.0011363259259259259, 0.001159574074074074,
						0.001185262962962963, 0.0012390543209876545, 0.0012429012345679012,
						0.001366627160493827, 0.0014092222222222223, 0.0014224716049382716,
						0.0037459740740740746
					]
				},
				"completed": true,
				"percentSlower": 91.84
			},
			{
				"name": "markdown-rs-fast",
				"ops": 11711,
				"margin": 8.69,
				"options": {
					"delay": 0.005,
					"initCount": 1,
					"minTime": 0.05,
					"maxTime": 5,
					"minSamples": 5
				},
				"samples": 59,
				"promise": false,
				"details": {
					"min": 0.00005574359504132232,
					"max": 0.00022664039256198347,
					"mean": 0.00008538784249442499,
					"median": 0.00007680476878612717,
					"standardDeviation": 0.000029091976914841245,
					"marginOfError": 0.000007423407473932002,
					"relativeMarginOfError": 8.693752245135693,
					"standardErrorOfMean": 0.00000378745279282245,
					"sampleVariance": 8.463431208136558e-10,
					"sampleResults": [
						0.00005574359504132232, 0.00005702561983471074,
						0.000057801136363636363, 0.000059555268595041324,
						0.0000596900826446281, 0.00006051270661157025,
						0.00006132732558139534, 0.0000619625, 0.00006299803198031981,
						0.0000650793023255814, 0.00006559070247933885,
						0.00006627634297520661, 0.00006756186961869618,
						0.00006782086776859504, 0.0000704090909090909,
						0.0000713159090909091, 0.00007137024793388431,
						0.0000714892561983471, 0.00007185599173553718,
						0.00007228069767441861, 0.00007264938016528925,
						0.00007322435424354243, 0.00007355000000000001,
						0.00007371426814268143, 0.00007488698347107438,
						0.00007623119834710744, 0.0000762974173553719,
						0.00007646518595041322, 0.00007662055785123967,
						0.00007680476878612717, 0.00007875402892561983,
						0.00007921714876033059, 0.0000806130381303813,
						0.00008135953757225433, 0.00008166797520661158,
						0.00008645805785123967, 0.00008694182041820419,
						0.00008763729338842975, 0.00008768671586715867,
						0.00008841787190082644, 0.00008855448954489545,
						0.0000907688806888069, 0.00009083251445086705,
						0.00009121157024793389, 0.00009131586715867159,
						0.00009155534682080925, 0.0000930254132231405,
						0.00009306242774566475, 0.00009393164739884392,
						0.00009422913223140495, 0.00010565082644628099,
						0.00010586589595375722, 0.00011152644628099174,
						0.00011555692148760331, 0.00011760762607626077,
						0.0001222664256198347, 0.0001375581611570248,
						0.00018985857438016528, 0.00022664039256198347
					]
				},
				"completed": true,
				"percentSlower": 0
			},
			{
				"name": "marked",
				"ops": 102,
				"margin": 7.55,
				"options": {
					"delay": 0.005,
					"initCount": 1,
					"minTime": 0.05,
					"maxTime": 5,
					"minSamples": 5
				},
				"samples": 56,
				"promise": false,
				"details": {
					"min": 0.0071362375,
					"max": 0.0260898625,
					"mean": 0.00980070149872449,
					"median": 0.009227857142857142,
					"standardDeviation": 0.002825637305983746,
					"marginOfError": 0.0007400796688794672,
					"relativeMarginOfError": 7.551292823026848,
					"standardErrorOfMean": 0.0003775916677956465,
					"sampleVariance": 0.000007984226184967081,
					"sampleResults": [
						0.0071362375, 0.007164971428571428, 0.007204714285714286,
						0.007219485714285714, 0.007335642857142857, 0.007377185714285714,
						0.007425557142857143, 0.0076283714285714285, 0.007736314285714286,
						0.007840142857142856, 0.0079501625, 0.008040528571428571,
						0.008046857142857144, 0.008253714285714286, 0.008302014285714285,
						0.008328785714285714, 0.008507257142857143, 0.008631328571428572,
						0.008697042857142857, 0.008717142857142857, 0.008741457142857142,
						0.0087868875, 0.0088102, 0.008824014285714285, 0.008872442857142856,
						0.009086771428571427, 0.009116683333333334, 0.009189528571428572,
						0.009266185714285714, 0.009300600000000001, 0.009352271428571427,
						0.009368857142857142, 0.009375057142857144, 0.0094217125,
						0.009431014285714285, 0.0096554625, 0.0096774125, 0.009853375,
						0.009956328571428572, 0.00998867142857143, 0.0103652,
						0.011102200000000001, 0.0111036, 0.011159583333333334,
						0.011249042857142857, 0.011365614285714285, 0.011399542857142857,
						0.0114138375, 0.0117599, 0.012078042857142857, 0.012122942857142856,
						0.012632371428571428, 0.013097857142857144, 0.013947883333333334,
						0.0143334125, 0.0260898625
					]
				},
				"completed": true,
				"percentSlower": 99.13
			},
			{
				"name": "markdown-it",
				"ops": 554,
				"margin": 29.54,
				"options": {
					"delay": 0.005,
					"initCount": 1,
					"minTime": 0.05,
					"maxTime": 5,
					"minSamples": 5
				},
				"samples": 34,
				"promise": false,
				"details": {
					"min": 0.0005435989583333333,
					"max": 0.007585094117647059,
					"mean": 0.0018049000180960185,
					"median": 0.000990474693627451,
					"standardDeviation": 0.0015859011717687234,
					"marginOfError": 0.0005330804219829986,
					"relativeMarginOfError": 29.535177385910988,
					"standardErrorOfMean": 0.00027197980713418294,
					"sampleVariance": 0.00000251508252661741,
					"sampleResults": [
						0.0005435989583333333, 0.0005844302083333333, 0.0005907898876404495,
						0.0006248258426966292, 0.0006446135416666666, 0.0006612729166666667,
						0.0006787406249999999, 0.0006932051282051282, 0.0007070538461538462,
						0.0007151602564102564, 0.000720281690140845, 0.0007591320512820513,
						0.0008548958333333334, 0.0008835897435897435, 0.0008930884615384615,
						0.0008947104166666667, 0.00093090625, 0.001050043137254902,
						0.0013003604166666666, 0.0014293614583333334, 0.0016419568627450982,
						0.001690849019607843, 0.0018818510416666668, 0.0019196822916666665,
						0.0022453197916666666, 0.002501847916666667, 0.002663180769230769,
						0.002761238541666667, 0.00338328125, 0.00385195,
						0.0042800489583333335, 0.00432757037037037, 0.004472669014084507,
						0.007585094117647059
					]
				},
				"completed": true,
				"percentSlower": 95.27
			},
			{
				"name": "remarkable",